TDSFU Daily run: Sun Oct 26 16:51:09 UTC 2025 TDSFU
TDSFU Daily run: Mon Oct 27 04:43:08 UTC 2025 TDSFU
TDSFU Daily run: Tue Oct 28 04:36:32 UTC 2025 TDSFU
TDSFU Daily run: Wed Oct 29 04:41:36 UTC 2025 TDSFU
TDSFU Daily run: Thu Oct 30 04:35:50 UTC 2025 TDSFU
TDSFU Daily run: Fri Oct 31 04:38:31 UTC 2025 TDSFU
TDSFU Daily run: Sat Nov  1 04:33:14 UTC 2025 TDSFU
TDSFU Daily run: Sun Nov  2 04:35:55 UTC 2025 TDSFU
TDSFU Daily run: Mon Nov  3 04:42:29 UTC 2025 TDSFU
TDSFU Daily run: Tue Nov  4 04:36:17 UTC 2025 TDSFU
TDSFU Daily run: Wed Nov  5 04:36:45 UTC 2025 TDSFU
TDSFU Daily run: Thu Nov  6 04:42:07 UTC 2025 TDSFU
TDSFU Daily run: Fri Nov  7 04:36:04 UTC 2025 TDSFU
TDSFU Daily run: Sat Nov  8 04:34:53 UTC 2025 TDSFU
TDSFU Daily run: Sun Nov  9 04:34:50 UTC 2025 TDSFU
TDSFU Daily run: Mon Nov 10 04:41:31 UTC 2025 TDSFU
